"before","after"
3.730611,3.440214
2.623338,2.314733
3.795295,3.586334
2.945393,2.784654
4.347806,4.155649
3.324106,3.075185
2.966585,2.860398
3.812459,3.805070
3.021303,2.743121
3.752641,3.697018